{
  "persons": [
    {
      "name": "Arto Hellas",
      "number": "040-123456",
      "id": 1
    },
    {
      "name": "Dan Abramov",
      "number": "12-43-234345",
      "id": 3
    },
    {
      "name": "Mary Poppendieck",
      "number": "39-23-6423122",
      "id": 4
    },
    {
      "name": "manag",
      "number": "34324",
      "id": 7
    },
    {
      "name": "mangi",
      "number": "123123",
      "id": 8
    },
    {
      "name": "ert",
      "number": "345",
      "id": 9
    },
    {
      "name": "34",
      "number": "453",
      "id": 10
    },
    {
      "name": "werwer",
      "number": "234",
      "id": 11
    },
    {
      "name": "aut",
      "number": "44",
      "id": 12
    },
    {
      "name": "nke",
      "number": "345453",
      "id": 13
    },
    {
      "name": "",
      "number": "",
      "id": 14
    }
  ]
}